1104,551,1,1
929,866,31,2
87.5,55,0,3
86,54.5,1,3
85,54.5,2,3
82.5,51,3,3
82.5,50.5,4,3
79.5,49.5,5,3
79.5,51,6,3
79,51.5,7,3
77.5,49.5,8,3
74,46.5,9,3
72.5,47,10,3
72.5,48.5,11,3
71,48.5,12,3
70,48,13,3
70,48,14,3
67,45.5,15,3
66.5,45.5,16,3
66.5,43.5,17,3
63,42,18,3
63.5,42.5,19,3
61.5,42.5,20,3
61,43,21,3
58,43,22,3
59,43.5,23,3
56,42.5,24,3
56.5,42.5,25,3
55,42,26,3
55.5,42.5,27,3
52.5,43.5,28,3
51.5,43,29,3
48.5,41.5,30,3
47,41,31,3
45,41,32,3
43,41,33,3
42.5,41,34,3
42,41,35,3
38,40.5,36,3
37.5,41,37,3
36.5,40.5,38,3
35,39.5,39,3
33.5,40,40,3
32.5,40.5,41,3
31.5,39.5,42,3
31,38,43,3
30,37,44,3
28.5,36.5,45,3
27.5,36.5,46,3
27,36,47,3
26,36.5,48,3
25,35.5,49,3
24.5,35.5,50,3
24.5,34.5,51,3
24,34,52,3
24.5,34,53,3
22,33.5,54,3
21,32,55,3
20,31,56,3
19.5,32,57,3
19.5,30.5,58,3
19.5,31,59,3
19,31,60,3
19,30,61,3
18.5,30,62,3
17.5,29.5,63,3
17,29.5,64,3
16,29,65,3
79.5,897.5,0,4
78.5,897.5,1,4
83,894,2,4
84,893.5,3,4
82.5,899,4,4
80.5,900.5,5,4
81.5,900,6,4
87.5,898.5,7,4
91,904.5,8,4
95.5,908.5,9,4
97.5,910.5,10,4
93.5,914.5,11,4
91.5,918,12,4
94.5,915.5,13,4
94,916.5,14,4
96.5,923,15,4
96,922.5,16,4
98,923,17,4
100.5,921.5,18,4
101,920.5,19,4
103,921.5,20,4
102,922.5,21,4
102.5,927,22,4
98,928.5,23,4
92.5,927,24,4
91.5,928.5,25,4
92,929.5,26,4
98.5,930.5,27,4
99.5,931,28,4
97,934,29,4
94.5,934,30,4
97,939,31,4
100.5,940,32,4
103.5,943.5,33,4
99.5,942,34,4
100.5,946,35,4
103.5,948,36,4
105,950.5,37,4
103,951,38,4
99,949.5,39,4
98,950,40,4
100.5,953.5,41,4
105,957.5,42,4
107.5,962,43,4
109.5,964.5,44,4
110.5,966,45,4
111.5,966.5,46,4
110.5,967,47,4
111,969,48,4
117,974.5,49,4
116,973.5,50,4
116,974.5,51,4
113,974,52,4
113,976,53,4
114,977.5,54,4
118.5,979,55,4
122,980,56,4
124.5,985.5,57,4
130,988,58,4
130.5,994,59,4
128.5,1001,60,4
129,999.5,61,4
134,998,62,4
140,993,63,4
145.5,989.5,64,4
151,994,65,4
150.5,1000,66,4
149,1001.5,67,4
147.5,1000,68,4
147,999,69,4
147.5,1000.5,70,4
148.5,1003.5,71,4
152,1009,72,4
160,1014.5,73,4
165.5,1017.5,74,4
168.5,1019.5,75,4
168.5,1017,76,4
168.5,1017,77,4
171,1022.5,78,4
171,1025.5,79,4
172,1025.5,80,4
177,1029,81,4
176.5,1035.5,82,4
172.5,1032,83,4
173.5,1034.5,84,4
178,1039.5,85,4
181.5,1042.5,86,4
179.5,1044,87,4
173.5,1042,88,4
172.5,1045.5,92,4
165.5,1045,95,4
35,178.5,0,5
19.5,170,4,5
95,301,55,5
94,289,56,5
75,283,57,5
13,413.5,69,5
12.5,412,70,5
1306,81.5,51,6
1065,262.5,89,7
1660.5,703,82,8
1659,700.5,83,8
1600.5,688.5,99,8
1609,687.5,101,8
1609.5,687,102,8
1608,687,103,8
1605,686,104,8
1604,685,106,8
1587,679.5,111,8
1510,652,136,8
1512.5,652.5,137,8
1514.5,653.5,138,8
1504,652,140,8
691.5,1172,24,9
689.5,1171.5,25,9
689.5,1171,26,9
688.5,1170.5,27,9
678.5,1172,28,9
680,1171,29,9
677.5,1170,30,9
677.5,1170,31,9
675,1169.5,32,9
672,1169,33,9
671.5,1169,34,9
671,1169,35,9
665.5,1171,36,9
671,1169.5,37,9
669,1169.5,38,9
660,1171,41,9
662,1170.5,42,9
656.5,1170.5,43,9
655.5,1171,44,9
654.5,1170,45,9
654.5,1169.5,46,9
661,1169,49,9
648,1170.5,52,9
640,1170.5,54,9
637.5,1170,55,9
640,1170.5,56,9
634,1169,58,9
632.5,1168.5,59,9
631,1168.5,60,9
628.5,1168,61,9
632,1168,62,9
632.5,1169,64,9
624,1169,66,9
621.5,1169,67,9
617,1169,68,9
617.5,1168.5,69,9
619,1168,70,9
613.5,1166.5,73,9
611,1168,74,9
609,1168,75,9
605.5,1166,76,9
601.5,1166,77,9
602.5,1165.5,78,9
601,1165,79,9
597.5,1167,80,9
597,1167,81,9
594,1166,84,9
597,1165,85,9
596,1166,86,9
591,1166,87,9
587.5,1166.5,88,9
585,1166,89,9
583,1166.5,90,9
582,1166,91,9
580,1164.5,92,9
577,1164,93,9
576,1165,94,9
576.5,1165.5,95,9
574,1164,98,9
572.5,1165,99,9
570,1164.5,100,9
564,1165,103,9
562,1165,104,9
560,1164,105,9
560.5,1163,106,9
555.5,1167,107,9
554.5,1166,108,9
553.5,1165.5,109,9
550,1166,110,9
548.5,1167,111,9
546,1167.5,112,9
544.5,1167,113,9
542.5,1166,114,9
540,1165,115,9
538,1164,116,9
531.5,1164,117,9
531.5,1161.5,118,9
531.5,1160.5,119,9
527.5,1161,120,9
522,1162.5,121,9
519.5,1161,122,9
517,1161,123,9
512.5,1159,124,9
510.5,1159.5,125,9
511.5,1158,126,9
509,1157.5,127,9
507,1156.5,128,9
507,1157,129,9
515.5,1153,130,9
517,1153,131,9
517.5,1150.5,132,9
497.5,1144.5,138,9
497,1144.5,139,9
484,1139,145,9
482,1138.5,146,9
479,1136,147,9
476.5,1136,148,9
475,1136,149,9
475,1135,150,9
472,1136.5,151,9
472,1135.5,152,9
450.5,1133.5,156,9
449.5,1132.5,158,9
432.5,1121.5,174,9
428,1120.5,175,9
428.5,1120.5,176,9
429,1120.5,177,9
426,1119,179,9
424.5,1118.5,180,9
422,1114.5,182,9
420,1113.5,183,9
412.5,1113.5,185,9
415,1114,186,9
1836,1146,39,10
1839,1127.5,40,10
1837.5,1111,41,10
1829,1104.5,42,10
1809,1096,44,10
1815,1092,45,10
1819,1085,46,10
1819.5,1076,47,10
1810,1072,48,10
1807.5,1060.5,50,10
1800,1059,51,10
1788,1050,52,10
1786.5,1041,53,10
1788,1040,54,10
1789.5,1043.5,55,10
1787,1041.5,56,10
1780.5,1034,57,10
1774.5,1020,59,10
1776,1014,60,10
1774,1013,61,10
1770,1009,62,10
1762,992.5,65,10
1756.5,995,66,10
1758,984,68,10
1764,979.5,69,10
1766,972,70,10
1759.5,968.5,71,10
1756.5,961.5,74,10
1756.5,954.5,75,10
1753.5,950.5,76,10
1745,939,79,10
1738.5,933,80,10
1734,929.5,81,10
1738.5,925,82,10
1737,926,85,10
1737,902,88,10
1737,897.5,89,10
1734,899,90,10
1719,878.5,94,10
1725,862.5,97,10
1716,847,100,10
1719,845.5,101,10
1717,837,102,10
1714.5,828.5,103,10
1692,822,107,10
1674,756,119,10
1671,760,120,10
1671,753,121,10
1663.5,716,127,10
1642.5,698.5,132,10
1638,691.5,133,10
1630.5,663,139,10
1627.5,648,144,10
1620,643,145,10
1615,633.5,146,10
1616,622.5,150,10
1611,623,151,10
1591.5,559,164,10
1592,558,165,10
1582.5,537.5,170,10
1579.5,538.5,171,10
1573,534,172,10
1907,23,152,11
473,31.5,143,12
463,35,144,12
457.5,38.5,145,12
458.5,45.5,146,12
457,50,147,12
452,57.5,148,12
457,60.5,149,12
464,58.5,150,12
467.5,61.5,151,12
468.5,71.5,152,12
462.5,76,153,12
458,76.5,154,12
458.5,77.5,155,12
463,81.5,156,12
466.5,89,157,12
470.5,94.5,158,12
466,106.5,159,12
459,107.5,160,12
450.5,113.5,161,12
452,129,162,12
455.5,124,163,12
459.5,124,164,12
465,133.5,165,12
470,140.5,166,12
477.5,120.5,167,12
479.5,117.5,168,12
482.5,108,169,12
477,91,170,12
478,86,171,12
486.5,85.5,172,12
488,88,173,12
488.5,89,174,12
490.5,87,175,12
496.5,76,176,12
498,62.5,177,12
498.5,67,178,12
500.5,71,179,12
501,81,180,12
502.5,83,181,12
503.5,82,182,12
510.5,70.5,183,12
517,64,184,12
522,64,185,12
524,52.5,186,12
516,44,187,12
507.5,36,188,12
496,40.5,189,12
492,40,190,12
487,39,191,12
484.5,39,192,12
483.5,39,193,12
477.5,37.5,194,12
476,34.5,195,12
475,33,196,12
474,32.5,197,12
472.5,32,198,12
470,27.5,199,12
533,107.5,0,13
530.5,107.5,1,13
522.5,103.5,2,13
522,101,3,13
517.5,101.5,4,13
517.5,106,5,13
517,112.5,6,13
522.5,122,7,13
533.5,126,8,13
538,128,9,13
537.5,131,10,13
542.5,133.5,11,13
549,138.5,12,13
547.5,140,13,13
546.5,143,14,13
550,141.5,15,13
557.5,145,16,13
561,146,17,13
564,141,18,13
566.5,144,19,13
565,149,20,13
568,154,21,13
573,164,22,13
572.5,173.5,23,13
570,185.5,24,13
571.5,189.5,25,13
571.5,200,26,13
568,204,27,13
556,216,28,13
551,227.5,29,13
555,228.5,30,13
559.5,232,31,13
563,239.5,32,13
564.5,242.5,33,13
567.5,239.5,34,13
568,246,35,13
561.5,260,36,13
561,270,37,13
564.5,275,38,13
572,275,39,13
572.5,283,40,13
568.5,293.5,41,13
571.5,299.5,42,13
578,306.5,43,13
586,310,44,13
588,308,45,13
584,318.5,46,13
584,327.5,47,13
583,331,48,13
578,337,49,13
585.5,344.5,50,13
591.5,349.5,51,13
589.5,355.5,52,13
582.5,362,53,13
581.5,368,54,13
580,369,55,13
579,375,56,13
595.5,376,57,13
599,381,58,13
596.5,386.5,59,13
592,397,60,13
590.5,402,61,13
585,402,62,13
586,412.5,63,13
596.5,418.5,64,13
605,421.5,65,13
597.5,424.5,66,13
593.5,432.5,67,13
592,437.5,68,13
585.5,435,69,13
581,438,70,13
583.5,448.5,71,13
591.5,461.5,72,13
596.5,472,73,13
592.5,483,74,13
586,481.5,75,13
581.5,483,76,13
583.5,490,77,13
585.5,500.5,78,13
583.5,507,79,13
580.5,502,80,13
577.5,502.5,81,13
572,502.5,82,13
569.5,503.5,83,13
568.5,516,84,13
572,523.5,85,13
569,527.5,86,13
565,528.5,87,13
563.5,534,88,13
561.5,540.5,89,13
557.5,545,90,13
555,540,91,13
554,536,92,13
552.5,530,93,13
555,521.5,94,13
556.5,507,95,13
557,498,96,13
557,490,97,13
560,484.5,98,13
564,477,99,13
570,475,100,13
572.5,470.5,101,13
571.5,467.5,102,13
572,460,103,13
572,453.5,104,13
571,454.5,105,13
570,449,106,13
566.5,436.5,107,13
558,423,108,13
553,413,109,13
543,408.5,110,13
519.5,407,111,13
503,400,112,13
498.5,386,113,13
500,376,114,13
496.5,369.5,115,13
485,365.5,116,13
481.5,362.5,117,13
481,358,118,13
484.5,356,119,13
479,351,120,13
479.5,351,121,13
482,348,122,13
471.5,339,123,13
462,333.5,124,13
457,330,125,13
458.5,324.5,126,13
459,313.5,127,13
456.5,311.5,128,13
456.5,312,129,13
450,304,130,13
442.5,295,131,13
437.5,292,132,13
439,265,136,13
436.5,264.5,137,13
436,264.5,138,13
441,262.5,139,13
449,254,140,13
449,245,141,13
448,246.5,142,13
452.5,245,143,13
449,234.5,144,13
436.5,226,145,13
437.5,218,146,13
447.5,218,147,13
450,211.5,148,13
439,200.5,149,13
436.5,199.5,150,13
439,187.5,151,13
444.5,191,152,13
438.5,185.5,153,13
430,172.5,154,13
434,169,155,13
444.5,169.5,156,13
452.5,167.5,157,13
454,170,158,13
456.5,173.5,159,13
469,145.5,167,13
464.5,151,168,13
463.5,160,169,13
468,161.5,170,13
474.5,166.5,171,13
480,165,172,13
484,163.5,173,13
487,168,174,13
487.5,172,175,13
490.5,181,176,13
492,182.5,177,13
497,178.5,178,13
501,178.5,179,13
509,175.5,180,13
516,178.5,181,13
523.5,178.5,182,13
530.5,185,183,13
538,192,184,13
541,199.5,185,13
546,205,186,13
549,208.5,187,13
554.5,211.5,188,13
562.5,217.5,189,13
564,219.5,190,13
570.5,215.5,191,13
583,215.5,192,13
585.5,224,193,13
586.5,233,194,13
588.5,236.5,195,13
597.5,245.5,196,13
605,244,197,13
611,240,198,13
618,236,199,13
628.5,241.5,200,13
633.5,249,201,13
634,256,202,13
637,262.5,203,13
646.5,272,204,13
654,271.5,205,13
658.5,277,206,13
664.5,284,207,13
665.5,283.5,208,13
666,278,209,13
677,277,210,13
679,281,211,13
676,286.5,212,13
677,295.5,213,13
683,299.5,214,13
694,299.5,215,13
704,302,216,13
708,307,217,13
709,307,218,13
718,301,219,13
725,300.5,220,13
724.5,305.5,221,13
724.5,308.5,222,13
726.5,311,223,13
731,318,224,13
738.5,320.5,225,13
743,319.5,226,13
752.5,324,227,13
756,330.5,228,13
759.5,332.5,229,13
758.5,335,230,13
753,344,231,13
757.5,352,232,13
770,351,233,13
777,352.5,234,13
783,358,235,13
780.5,357.5,236,13
777,353,237,13
788,352.5,238,13
797.5,354,239,13
799.5,365,240,13
801.5,371.5,241,13
803,372,242,13
810,380,243,13
811,381,244,13
819.5,379,245,13
830,378.5,246,13
831,388,247,13
829,390.5,248,13
833.5,399.5,249,13
838.5,403.5,250,13
842.5,412,251,13
843,420,252,13
846,417.5,253,13
856,414,254,13
869.5,413.5,255,13
873,416.5,256,13
871.5,422,257,13
870.5,424,258,13
870.5,428,259,13
877,436.5,260,13
879,437,261,13
881,442,262,13
885,449,263,13
895.5,451,264,13
902.5,447,265,13
907.5,454,266,13
904,453,267,13
912.5,452,268,13
924,453,269,13
921,462,270,13
918,469,271,13
915,474.5,272,13
919.5,478,273,13
923.5,484.5,274,13
926,493,275,13
935.5,494.5,276,13
943.5,493,277,13
954,489,278,13
963.5,497,279,13
966,501.5,280,13
966,510.5,281,13
972,513,282,13
972,510,283,13
974,513,284,13
981,521,285,13
983.5,519.5,286,13
988,512,287,13
997,511,288,13
996,518.5,289,13
994.5,526,290,13
993,532,291,13
999,537.5,292,13
1002,539,293,13
1008,545,294,13
1010,548.5,295,13
1014.5,544.5,296,13
1016.5,537,297,13
1016.5,525,298,13
1017,519.5,299,13
1017,511,300,13
174,801,0,14
170.5,801.5,1,14
165.5,800,2,14
163.5,800.5,3,14
160.5,799.5,4,14
159,799.5,5,14
156.5,798.5,6,14
154,798,7,14
151,796,8,14
147,796,9,14
143,795.5,10,14
138.5,796,11,14
137,797,12,14
133.5,796.5,13,14
132,795,14,14
129,793,15,14
129,790.5,16,14
126.5,789.5,17,14
123.5,789.5,18,14
121,789.5,19,14
118,790,20,14
116.5,790,21,14
114.5,790.5,22,14
112,790.5,23,14
111,790,24,14
107.5,787.5,25,14
105,787.5,26,14
100,787.5,27,14
98.5,786,28,14
96,785,29,14
95,784.5,30,14
91.5,784.5,31,14
87.5,784,32,14
83.5,783.5,33,14
82.5,783,34,14
79,782.5,35,14
74.5,782.5,36,14
73.5,781,37,14
71,777.5,38,14
69,777,39,14
67.5,776,40,14
65,777.5,41,14
59.5,777,42,14
55.5,775.5,43,14
53.5,776.5,44,14
50.5,775.5,45,14
48.5,777,46,14
44,775.5,47,14
42.5,775,48,14
40,774.5,49,14
40,774.5,50,14
39,774.5,51,14
36,773.5,52,14
33.5,773.5,53,14
33,773.5,54,14
31.5,772.5,55,14
28.5,771.5,56,14
26.5,770.5,57,14
26.5,770,58,14
26,769,59,14
24.5,769.5,60,14
21.5,768,61,14
20,768,62,14
20.5,768,63,14
19.5,766.5,64,14
19,766,65,14
18,764.5,66,14
16.5,763,67,14
16.5,762,68,14
17,759,69,14
17,757.5,70,14
18.5,615.5,120,14
152,542.5,174,14
171,545,180,14
172,546,181,14
181.5,548,182,14
185.5,534.5,188,14
140.5,496,204,14
110.5,491,208,14
90.5,493,209,14
85,497.5,210,14
75,495,211,14
72,483,212,14
58,478.5,213,14
270.5,342,0,15
270.5,341.5,1,15
270.5,339,2,15
269.5,341,3,15
271,341,4,15
269.5,340,5,15
271,338.5,6,15
269.5,338,7,15
269.5,339,8,15
270.5,338,9,15
271,337,10,15
272,337,11,15
269,336,12,15
269.5,333.5,13,15
269.5,333.5,14,15
273.5,334,15,15
272,331.5,16,15
270.5,331.5,17,15
271,331.5,18,15
275,333,19,15
273,334,20,15
271,333,21,15
272,331.5,22,15
269.5,330.5,23,15
270,331,24,15
270,331,25,15
270.5,331.5,26,15
272,333,27,15
271.5,333.5,28,15
275.5,333,29,15
272.5,331,30,15
272.5,331.5,31,15
272,332.5,32,15
270.5,333,33,15
267.5,332,34,15
266,329.5,35,15
276.5,334,36,15
265.5,329.5,37,15
268.5,329,38,15
270,328,39,15
271,329,40,15
270.5,329.5,41,15
270.5,328.5,42,15
270,327,43,15
269,328,44,15
269,328.5,45,15
271,328,46,15
269.5,326,47,15
268.5,326.5,48,15
268,327.5,49,15
268.5,328,50,15
268.5,329,51,15
267,327.5,52,15
267,328.5,53,15
267.5,328.5,54,15
268,329,55,15
267.5,329.5,56,15
267,330.5,57,15
267.5,330.5,58,15
266,331,59,15
267.5,329,60,15
268,329,61,15
269.5,328.5,62,15
270,327.5,63,15
268,327,64,15
268.5,326.5,65,15
268,326.5,66,15
268,326,67,15
267.5,326.5,68,15
267.5,327.5,69,15
268.5,330,70,15
267.5,330,71,15
267,327.5,72,15
266.5,327.5,73,15
266.5,327,74,15
267,327.5,75,15
267,326,76,15
267,325.5,77,15
265.5,324.5,78,15
266,325,79,15
267,325.5,80,15
266,326.5,81,15
265.5,325,82,15
266,324.5,83,15
266,325,84,15
265.5,325.5,85,15
265.5,325,86,15
265,325,87,15
265.5,325.5,88,15
265,324.5,89,15
265.5,325,90,15
265,324.5,91,15
265.5,325,92,15
265.5,325,93,15
265.5,324,94,15
265,324,95,15
264.5,324,96,15
265,323.5,97,15
265,323.5,98,15
265,322.5,99,15
265,323,100,15
265.5,323,101,15
264.5,322.5,102,15
265,322.5,103,15
264.5,322.5,104,15
265,322.5,105,15
264,322,106,15
265,321.5,107,15
265.5,322,108,15
267,321.5,109,15
267,321.5,110,15
266.5,321,111,15
266.5,321,112,15
266.5,321.5,113,15
266.5,321,114,15
265.5,321,115,15
265.5,321,116,15
266,321,117,15
264.5,320,118,15
264.5,320,119,15
263.5,320.5,120,15
263.5,320.5,121,15
263,320,122,15
263.5,320,123,15
263.5,320,124,15
263.5,319.5,125,15
262.5,319.5,126,15
262,318.5,127,15
262,318,128,15
262.5,318,129,15
262.5,317.5,130,15
262.5,318,131,15
261,318,132,15
261,317,133,15
261,316.5,134,15
261,316,135,15
261,316,136,15
261,316.5,137,15
261.5,316,138,15
260.5,315.5,139,15
261,315.5,140,15
261.5,316,141,15
261,316,142,15
260.5,316,143,15
261.5,315.5,144,15
261.5,315.5,145,15
261.5,315.5,146,15
261,315.5,147,15
260.5,315,148,15
260.5,315,149,15
261.5,315,150,15
261.5,315,151,15
260.5,316,152,15
259.5,314.5,153,15
260,314,154,15
260.5,315,155,15
260.5,316,156,15
260,316,157,15
259,316,158,15
259.5,316,159,15
259,315.5,160,15
259.5,315,161,15
259,315,162,15
259.5,314.5,163,15
260,313.5,164,15
259,313.5,165,15
259.5,315,166,15
259.5,314,167,15
259.5,315,168,15
259.5,315,169,15
259,314,170,15
260,311.5,171,15
260,312.5,172,15
259,313.5,173,15
260,312.5,174,15
261,312.5,175,15
261,311.5,176,15
260.5,311.5,177,15
260,311,178,15
260,311,179,15
259.5,309.5,180,15
260,310,181,15
260,309.5,182,15
259.5,310,183,15
260,310,184,15
259,309.5,185,15
259,309,186,15
258.5,310,187,15
259,309.5,188,15
259,308.5,189,15
259.5,308.5,190,15
259.5,308,191,15
258,308,192,15
258,308,193,15
258.5,307.5,194,15
259,307,195,15
258.5,307.5,196,15
258.5,307.5,197,15
258.5,307,198,15
258.5,307.5,199,15
258,307,200,15
257.5,307,201,15
258,307.5,202,15
258,307,203,15
257.5,307,204,15
258,306.5,205,15
257.5,306,206,15
257,305,207,15
257,304.5,208,15
257,305,209,15
256.5,304.5,210,15
256.5,303,211,15
256.5,303.5,212,15
256.5,304,213,15
255.5,304,214,15
256,303,215,15
255.5,304,216,15
256,302.5,217,15
255,302.5,218,15
254.5,302.5,219,15
254.5,303,220,15
254.5,302.5,221,15
255,302.5,222,15
254,301,223,15
253,301.5,224,15
252.5,301,225,15
252.5,301,226,15
252.5,301.5,227,15
252.5,301.5,228,15
252.5,302,229,15
252,300.5,230,15
251.5,300.5,231,15
251.5,300,232,15
252.5,300.5,233,15
251.5,300.5,234,15
251.5,300.5,235,15
251,300.5,236,15
252,300,237,15
252,299.5,238,15
252,299,239,15
251.5,299.5,240,15
251.5,299,241,15
251,299,242,15
251,298.5,243,15
249.5,298.5,244,15
250,298.5,245,15
249.5,298,246,15
249.5,297.5,247,15
249.5,298,248,15
249,297.5,249,15
248.5,297.5,250,15
249,297,251,15
249,297,252,15
249,297,253,15
249.5,297,254,15
249.5,297.5,255,15
248.5,297.5,256,15
249,297.5,257,15
249,297.5,258,15
249,297.5,259,15
248.5,297.5,260,15
248.5,297,261,15
247.5,296.5,262,15
248,296.5,263,15
247.5,296.5,264,15
247.5,297,265,15
248,296.5,266,15
248,296.5,267,15
247,296.5,268,15
247,296.5,269,15
247.5,296,270,15
247,296.5,271,15
247,296.5,272,15
247,296.5,273,15
246.5,296,274,15
247,296,275,15
247,297,276,15
246,296.5,277,15
246,296.5,278,15
246.5,297,279,15
246,297.5,280,15
246,297.5,281,15
246,297,282,15
246,296.5,283,15
246,297,284,15
246,296.5,285,15
247,296,286,15
245,296.5,287,15
245.5,296.5,288,15
245.5,296.5,289,15
244.5,296.5,290,15
244,296.5,291,15
244,296,292,15
243.5,296,293,15
243.5,296,294,15
242.5,295,295,15
243,295,296,15
243.5,295,297,15
242.5,295,298,15
243,294,299,15
242,294.5,300,15
403.5,344.5,0,16
415,349.5,1,16
422,356.5,2,16
425.5,359,3,16
429,353.5,4,16
429.5,348,5,16
432,348.5,6,16
436,352.5,7,16
436,354.5,8,16
435.5,355.5,9,16
441.5,354,10,16
442,352,11,16
443,349.5,12,16
445.5,351,13,16
447.5,351,14,16
449.5,347,15,16
451.5,344,16,16
449.5,346.5,17,16
456,349.5,18,16
456.5,345,19,16
461.5,339,20,16
464,337.5,21,16
465.5,346,22,16
465,354.5,23,16
464.5,357.5,24,16
471.5,354.5,25,16
477,352.5,26,16
477.5,355,27,16
482.5,358.5,28,16
481,355.5,29,16
479.5,352,30,16
481,348,31,16
487,350,32,16
489.5,356,33,16
495,360,34,16
496.5,354.5,35,16
494,346.5,36,16
499.5,347,37,16
503.5,351,38,16
503.5,353,39,16
504,357,40,16
508,357,41,16
509.5,353.5,42,16
519,351,43,16
524.5,356,44,16
530,352.5,45,16
522,347,46,16
524.5,347,47,16
528.5,352.5,48,16
530,355.5,49,16
536,356,50,16
543,348,51,16
544.5,339.5,52,16
547.5,341,53,16
548.5,348.5,54,16
550.5,358,55,16
548,366,56,16
560.5,361.5,57,16
567,351,58,16
567.5,348.5,59,16
571.5,343,60,16
586,348,61,16
585,349,62,16
584.5,349.5,63,16
581.5,355,64,16
592.5,351,65,16
603,351.5,66,16
608,356.5,67,16
614.5,354,68,16
615.5,343,69,16
616,339,70,16
609,330,71,16
600,319.5,72,16
604.5,320,73,16
609.5,326.5,74,16
614.5,322.5,75,16
616,314.5,76,16
619.5,309.5,77,16
625.5,310,78,16
628,307,79,16
625.5,308.5,80,16
629.5,309.5,81,16
629.5,299.5,82,16
634.5,291,83,16
632,288.5,84,16
636,289,85,16
638.5,292,86,16
645,293.5,87,16
644,291.5,88,16
643.5,292,89,16
649.5,293,90,16
660,294,91,16
664,283,92,16
662.5,273,93,16
663.5,265.5,94,16
670,267,95,16
677.5,273.5,96,16
681,279,97,16
689,277.5,98,16
691,272.5,99,16
692.5,264.5,100,16
696.5,260,101,16
700.5,260.5,102,16
702,262,103,16
706.5,263,104,16
714,261.5,105,16
725,270.5,106,16
724,275.5,107,16
724,279.5,108,16
724,274,109,16
722.5,268.5,110,16
720,268,111,16
726,255,112,16
751,233,115,16
751,226,116,16
755.5,235,117,16
748.5,241,118,16
747.5,248,119,16
757.5,249,120,16
764,249,121,16
772.5,254.5,122,16
770,258,123,16
773.5,256.5,124,16
766,250.5,125,16
774,240,127,16
776.5,242.5,128,16
780,247,129,16
786,247,130,16
787.5,243,131,16
784,244,132,16
778,246.5,133,16
785.5,244.5,134,16
788.5,241,135,16
786,234,136,16
799,236,138,16
797.5,242.5,139,16
804,244,140,16
803.5,244,141,16
802.5,245,142,16
808,249.5,143,16
809.5,243.5,144,16
805.5,233.5,145,16
810,230,146,16
819,234.5,147,16
818.5,241.5,148,16
822.5,245.5,149,16
826,243,150,16
825.5,236.5,151,16
827.5,235,152,16
837,232.5,153,16
837,228,154,16
837,223.5,155,16
840,224.5,156,16
844,230,157,16
844,234.5,158,16
846,234.5,159,16
844,229,160,16
849,232,161,16
853,233.5,162,16
852,234,163,16
849,226.5,164,16
847.5,223,165,16
860,232,166,16
858.5,235.5,167,16
857,240,168,16
865,239,169,16
867,229.5,170,16
867.5,227,171,16
871.5,231,172,16
871.5,232,173,16
872,232,174,16
873.5,231,175,16
874.5,228.5,176,16
865.5,222.5,177,16
868.5,223,178,16
870.5,224.5,179,16
881.5,222.5,180,16
885.5,213.5,181,16
885,211,182,16
890.5,213.5,183,16
891,220.5,184,16
892.5,227.5,185,16
892.5,227.5,186,16
897,222.5,187,16
898.5,221,188,16
903,222,189,16
903.5,224.5,190,16
902.5,222,191,16
907,217,192,16
918.5,222,193,16
922,231,194,16
921.5,237,195,16
925.5,241,196,16
927.5,237,197,16
936,235,198,16
941.5,240,199,16
944.5,237,200,16
949,231,201,16
952,224,202,16
958,228.5,203,16
961,233,204,16
957,239,205,16
950,246.5,206,16
958,253,207,16
964.5,252,208,16
975,249.5,209,16
980,248.5,210,16
987,247.5,211,16
989.5,244.5,212,16
985.5,240,213,16
985.5,234,214,16
985.5,232.5,215,16
988.5,238.5,216,16
994,245,217,16
994.5,255.5,218,16
1000.5,257.5,219,16
1010,253,220,16
1011,248.5,221,16
1017,247.5,222,16
1028,247,223,16
1029,239.5,224,16
1027.5,231.5,225,16
1032,232,226,16
1033.5,241.5,227,16
1029.5,246.5,228,16
1027,251,229,16
1028,258.5,230,16
1039,259,231,16
1045.5,261.5,232,16
1047.5,270,233,16
1050,275.5,234,16
1051.5,276,235,16
1058.5,270,236,16
1059,259.5,237,16
1055.5,252.5,238,16
1062.5,252,239,16
1073,254.5,240,16
1077.5,255.5,241,16
1080.5,256,242,16
1092,255,243,16
1093,258.5,244,16
1099,272.5,245,16
1092.5,275.5,246,16
1093.5,275.5,247,16
1096,276,248,16
1111,278,249,16
1116,275,250,16
1115.5,277.5,251,16
1111,281,252,16
1106,282.5,253,16
1108.5,281.5,254,16
1116,282.5,255,16
1116,291.5,256,16
1113.5,299,257,16
1117,301.5,258,16
1121.5,299,259,16
1121.5,298.5,260,16
1124,294.5,261,16
1129.5,300.5,262,16
1131,302,263,16
1136,300.5,264,16
1139,300.5,265,16
1138.5,304.5,266,16
1135,307.5,267,16
1135.5,307.5,268,16
1145.5,307.5,269,16
1151.5,303,270,16
1157,302,271,16
1158,303.5,272,16
1154,306,273,16
1152,309,274,16
1161.5,314.5,275,16
1165.5,317,276,16
1167,317.5,277,16
1166.5,317.5,278,16
1165.5,313.5,279,16
1168.5,307.5,280,16
1171.5,306.5,281,16
1173,309.5,282,16
1172.5,315,283,16
1175.5,317,284,16
1184,314.5,285,16
1187.5,309.5,286,16
1188,310.5,287,16
1190.5,313,288,16
1195,311.5,289,16
1194,308.5,290,16
1195.5,309,291,16
1200,312.5,292,16
1202,317,293,16
1204.5,319,294,16
1205.5,317.5,295,16
1210.5,307,296,16
1212,305,297,16
1215,308,298,16
1214,316,299,16
1212.5,320.5,300,16
1663.5,310,0,17
1663,310,1,17
1661,307.5,2,17
1659,305,3,17
1657.5,303.5,4,17
1657,303,5,17
1656,302.5,6,17
1654,301.5,7,17
1653,302.5,8,17
1651.5,303,9,17
1650,304.5,10,17
1648,301.5,11,17
1647,298.5,12,17
1646,298.5,13,17
1644,299,14,17
1642.5,299,15,17
1641,298.5,16,17
1639.5,298,17,17
1639.5,298.5,18,17
1638,299,19,17
1635,299.5,20,17
1635,300,21,17
1633,299.5,22,17
1631,299,23,17
1627,298.5,24,17
1627,298.5,25,17
1626,299,26,17
1626,298.5,27,17
1624.5,296.5,28,17
1623,294,29,17
1623,292.5,30,17
1622,292.5,31,17
1618.5,292.5,32,17
1618.5,291.5,33,17
1615,289,34,17
1614,289.5,35,17
1612.5,291,36,17
1613,289,37,17
1611,287,38,17
1608,288.5,39,17
1606.5,287,40,17
1603,292,41,17
1603,292.5,42,17
1603,291,43,17
1602,290.5,44,17
1601,287.5,45,17
1599,284,46,17
1600.5,283.5,47,17
1597,280,48,17
1597.5,280,49,17
1596,279,50,17
1595,279.5,51,17
1593,280.5,52,17
1591,279.5,53,17
1590,279.5,54,17
1587,279,55,17
1587,279,56,17
1585.5,278.5,57,17
1582.5,277,58,17
1581,276.5,59,17
1579.5,277.5,60,17
1576.5,278,61,17
1576,278,62,17
1575,276,63,17
1574,274,64,17
1573.5,275,65,17
1578,276.5,66,17
1579.5,277,67,17
1579.5,277,68,17
1579.5,277.5,69,17
1578,278,70,17
1576.5,274.5,71,17
1575,274,72,17
1572,269.5,73,17
1568.5,267,74,17
1569,267,75,17
1567,264.5,76,17
1565.5,263,77,17
1566,261.5,78,17
1565,262,79,17
1563,262.5,80,17
1560,261.5,81,17
1559,262.5,82,17
1556.5,262.5,83,17
1559,261.5,84,17
1557,262.5,85,17
1557.5,264,86,17
1555.5,266,87,17
1555.5,271,88,17
1555.5,271.5,89,17
1555,273,90,17
1555,272,91,17
1554.5,271,92,17
1553,271,93,17
1551,269,94,17
1549,265.5,95,17
1549,265,96,17
1548.5,264.5,97,17
1547,263.5,98,17
1547,263,99,17
1547,263.5,100,17
1549,263,101,17
1548,262,102,17
1544,259.5,103,17
1545,259.5,104,17
1540,257.5,105,17
1539,256,106,17
1539,255,107,17
1538,255,108,17
1538,256,109,17
1538,256.5,110,17
1536,256.5,111,17
1536,257,112,17
1535.5,257.5,113,17
1534,256.5,114,17
1534,257,115,17
1533,256,116,17
1532.5,255,117,17
1530.5,254.5,118,17
1529,252.5,119,17
1527,251.5,120,17
1527,251.5,121,17
1526.5,251.5,122,17
1525,250.5,123,17
1524,249,124,17
1523.5,248.5,125,17
1521,245,126,17
1518.5,242,127,17
1519,241.5,128,17
1515,239.5,129,17
1514,242,130,17
1514,242,131,17
1514,240,132,17
1513.5,240.5,133,17
1512.5,241,134,17
1510.5,239,135,17
1508.5,240.5,136,17
1506.5,239,137,17
1503,231.5,138,17
1501.5,231.5,139,17
1499.5,230.5,140,17
1499.5,231,141,17
1498,230.5,142,17
1497,230,143,17
1495,230,144,17
1495,230,145,17
1494,231,146,17
1490,232.5,147,17
1488,232.5,148,17
1487.5,232,149,17
1486,234,150,17
1483.5,234,151,17
1483,235,152,17
1483,236,153,17
1482,238,154,17
1483,236.5,155,17
1483,234.5,156,17
1483,232.5,157,17
1483,231,158,17
1481,230,159,17
1480,228.5,160,17
1476.5,226.5,161,17
1474.5,225,162,17
1474.5,224.5,163,17
1475,222.5,164,17
1477,220.5,165,17
1475.5,218,166,17
1475,218.5,167,17
1474.5,217,168,17
1474,218,169,17
1473,218,170,17
1471.5,217,171,17
1470,217,172,17
1467.5,213,173,17
1467,212,174,17
1465.5,210,175,17
1466,211,176,17
1465.5,211,177,17
1467,210.5,178,17
1465,210,179,17
1465,208,180,17
1464,207.5,181,17
1466,206.5,182,17
1466.5,205,183,17
1465.5,205.5,184,17
1464,205.5,185,17
1462.5,204.5,186,17
1461.5,203.5,187,17
1460,202.5,188,17
1459.5,202,189,17
1456,201,190,17
1454,197,191,17
1452,194.5,192,17
1450.5,196,193,17
1448.5,194,194,17
1443,188,195,17
1442,190,196,17
1441.5,193,197,17
1439.5,197,198,17
1439.5,198.5,199,17
1439,195.5,200,17
1439,194,201,17
1438.5,192,202,17
1436,192.5,203,17
1434,191.5,204,17
1435,190.5,205,17
1435.5,188,206,17
1435.5,187.5,207,17
1436.5,187,208,17
1436.5,187,209,17
1432.5,184.5,210,17
1429,180.5,211,17
1428,180,212,17
1427.5,179.5,213,17
1426,178.5,214,17
1425,178,215,17
1424,178,216,17
1420,177,217,17
1417,177,218,17
1415,177,219,17
1413.5,176.5,220,17
1413,177,221,17
1411.5,177,222,17
1410.5,177,223,17
1409,176.5,224,17
1407,176.5,225,17
1407,175.5,226,17
1407,176.5,227,17
1406,174.5,228,17
1407,174,229,17
1407,173.5,230,17
1406.5,171,231,17
1405.5,168,232,17
1406,167,233,17
1405.5,166.5,234,17
1405,165.5,235,17
1403.5,166,236,17
1399.5,159,237,17
1400,162,238,17
1398.5,160.5,239,17
1395.5,159,240,17
1396.5,158,241,17
1395.5,158,242,17
1396.5,158,243,17
1395.5,158.5,244,17
1393.5,158,245,17
1390,158,246,17
1389.5,159,247,17
1390,159.5,248,17
1388.5,159.5,249,17
1384.5,157.5,250,17
1380,156.5,251,17
1378.5,157,252,17
1378,157.5,253,17
1377,156,254,17
1376,154.5,255,17
1375.5,154,256,17
1376,153.5,257,17
1379,153.5,258,17
1378,152.5,259,17
1380.5,152,260,17
1380.5,150,261,17
1380,148.5,262,17
1378.5,147.5,263,17
1376.5,143.5,264,17
1372.5,142,265,17
1371,142,266,17
1369,140,267,17
1367.5,138.5,268,17
1366.5,139,269,17
1366,139,270,17
1366.5,140,271,17
1365,139.5,272,17
1367,141,273,17
1362.5,140,274,17
1360.5,139,275,17
1361.5,140.5,276,17
1358,139,277,17
1357.5,138,278,17
1356,136.5,279,17
1356,135.5,280,17
1356.5,134,281,17
1357.5,133,282,17
1357.5,132.5,283,17
1356,131,284,17
1354.5,130,285,17
1353,128.5,286,17
1350.5,127,287,17
1349.5,127,288,17
1346.5,127,289,17
1345.5,127,290,17
1346,127.5,291,17
1345,126.5,292,17
1343,127.5,293,17
1344,128.5,294,17
1342.5,127.5,295,17
1340.5,128,296,17
1340,131.5,297,17
1340,131,298,17
1339,128,299,17
1336,124,300,17
1367.5,669,0,18
1356,669,1,18
1350,669.5,2,18
1346,673.5,3,18
1339,674,4,18
1330,675.5,5,18
1328.5,677,6,18
1324,682,7,18
1314,690.5,8,18
1308,699,9,18
1306.5,709.5,10,18
1305,724,11,18
1308,729,12,18
1315,738,13,18
1318.5,741,14,18
1323,755,15,18
1321.5,765,16,18
1314,769.5,17,18
1311,769.5,18,18
1317.5,774,19,18
1324.5,781,20,18
1330,789,21,18
1322.5,800,22,18
1312,802,23,18
1302,806.5,24,18
1303.5,807,25,18
1307,814,26,18
1314,814.5,27,18
1317.5,825.5,28,18
1312,835,29,18
1306,836.5,30,18
1306,838.5,31,18
1311,838.5,32,18
1320,843,33,18
1326.5,853.5,34,18
1321.5,855.5,35,18
1311,858.5,36,18
1307.5,858,37,18
1305.5,862.5,38,18
1307,866.5,39,18
1316,868.5,40,18
1321,866.5,41,18
1324.5,876,42,18
1323,880.5,43,18
1314,885.5,44,18
1310,885.5,45,18
1309,886.5,46,18
1309,886,47,18
1313,888,48,18
1322.5,889.5,49,18
1327,894,50,18
1328,898.5,51,18
1321,899.5,52,18
1314,904,53,18
1308,900.5,54,18
1308,901.5,55,18
1311,899,56,18
1308,904.5,57,18
1312,903.5,58,18
1318,910.5,59,18
1324,919.5,60,18
1318,926,61,18
1308,930,62,18
1301,931,63,18
1293,931,64,18
1290,929,65,18
1289.5,930.5,66,18
1294,938,67,18
1301,943.5,68,18
1311,949.5,69,18
1316,964.5,70,18
1304,973.5,71,18
1290,975,72,18
1278,973.5,73,18
1275,974.5,74,18
1275.5,978,75,18
1281.5,988.5,76,18
1286,994.5,77,18
1284,1003.5,78,18
1272,1011,79,18
1259,1006.5,80,18
1256,1001.5,81,18
1254,995.5,82,18
1257,981.5,83,18
1257.5,970,84,18
1263.5,961,85,18
1268.5,951.5,86,18
1278,943,87,18
1282.5,939,88,18
1286.5,935,89,18
1289,930,90,18
1290,929,91,18
1291.5,923.5,92,18
1297,913.5,93,18
1295,902.5,94,18
1290,893.5,95,18
1282,883,96,18
1269,880,97,18
1254,882.5,98,18
1242.5,882,99,18
1234.5,870.5,100,18
1230.5,860.5,101,18
1234.5,855,102,18
1230,847,103,18
1223.5,843,104,18
1215,843,105,18
1209,841,106,18
1206,830,107,18
1207,824,108,18
1207.5,814.5,109,18
1215,813,110,18
1216.5,813,111,18
1215,813,112,18
1208,804.5,113,18
1196,801.5,114,18
1188,799.5,115,18
1182.5,787.5,116,18
1189,774,117,18
1194,771,118,18
1198,762.5,119,18
1204.5,763,120,18
1205.5,766.5,121,18
1209,767.5,122,18
1208,759.5,123,18
1198.5,753,124,18
1186.5,745.5,125,18
1180.5,738,126,18
1183,723,127,18
1192.5,716,128,18
1201.5,713.5,129,18
1204.5,714,130,18
1206,718,131,18
1208.5,714,132,18
1204.5,704.5,133,18
1199.5,696.5,134,18
1192,685.5,135,18
1196.5,671.5,136,18
1204,670,137,18
1211,670,138,18
1215,662.5,139,18
1212,660,140,18
1204.5,655,141,18
1205.5,647,142,18
1212,643.5,143,18
1216,634,144,18
1210,634.5,145,18
1202,628,146,18
1202,617.5,147,18
1213.5,610.5,148,18
1225,614,149,18
1228.5,614,150,18
1231,603,151,18
1225,595.5,152,18
1219.5,593,153,18
1226.5,585,154,18
1231.5,582,155,18
1233.5,580,156,18
1227,573,157,18
1220.5,569,158,18
1219,559.5,159,18
1226.5,554,160,18
1236.5,554.5,161,18
1243,556.5,162,18
1245.5,557.5,163,18
1246.5,556,164,18
1244,556,165,18
1238.5,552.5,166,18
1229,550,167,18
1219.5,545,168,18
1217,530,169,18
1227,519.5,170,18
1234.5,521,171,18
1242,525.5,172,18
1242.5,532,173,18
1250,532.5,174,18
1256.5,525.5,175,18
1261.5,511,176,18
1253.5,503.5,177,18
1252,497.5,178,18
1255.5,491,179,18
1263.5,487.5,180,18
1272,492,181,18
1273.5,492,182,18
1275,485,183,18
1275,477.5,184,18
1271.5,475.5,185,18
1278.5,474,186,18
1283,473.5,187,18
1284,472.5,188,18
1280.5,465.5,189,18
1275,460.5,190,18
1273,450.5,191,18
1282,446.5,192,18
1292,449.5,193,18
1300,454.5,194,18
1303.5,454,195,18
1302.5,453,196,18
1303.5,447,197,18
1293,445,198,18
1285,440.5,199,18
1283,425,200,18
1294.5,417,201,18
1305.5,418.5,202,18
1308,426,203,18
1310.5,435.5,204,18
1310.5,441,205,18
1306.5,447.5,206,18
1310,453,207,18
1315.5,454,208,18
1331,451,209,18
1336.5,438,210,18
1338,424,211,18
1339.5,410.5,212,18
1348,407.5,213,18
1355,414,214,18
1361,424,215,18
1360.5,434.5,216,18
1366,434,217,18
1365.5,426,218,18
1364,414,219,18
1366.5,404,220,18
1369,398.5,221,18
1385.5,400.5,222,18
1394.5,402.5,223,18
1396,412.5,224,18
1397,413,225,18
1396.5,404.5,226,18
1392,398.5,227,18
1396.5,389.5,228,18
1406,389,229,18
1413.5,399,230,18
1419,402,231,18
1417,400.5,232,18
1416,391,233,18
1412,384,234,18
1409.5,377.5,235,18
1408,371.5,236,18
1413,365.5,237,18
1421.5,365.5,238,18
1425,369,239,18
1432.5,373,240,18
1434,375,241,18
1436.5,367.5,242,18
1432.5,359.5,243,18
1430,356,244,18
1434.5,352,245,18
1442,352,246,18
1449.5,354.5,247,18
1450.5,362,248,18
1457,364.5,249,18
1454.5,367.5,250,18
1458,368,251,18
1460,365,252,18
1462.5,357,253,18
1465,353,254,18
1470,342.5,255,18
1478.5,343,256,18
1488,343.5,257,18
1491,344.5,258,18
1497,344.5,259,18
1496.5,344,260,18
1503,342,261,18
1508,343,262,18
1511.5,342,263,18
1512.5,340.5,264,18
1515.5,339.5,265,18
1519.5,341,266,18
1523,344,267,18
1523.5,345,268,18
1526.5,343,269,18
1531,340,270,18
1537,335.5,271,18
1548,331.5,272,18
1552,333,273,18
1555.5,336.5,274,18
1561,341,275,18
1561,348,276,18
1556,352.5,277,18
1550,354,278,18
1548,356,279,18
1550,357.5,280,18
1556,361,281,18
1564.5,358.5,282,18
1575,348.5,283,18
1587,339,284,18
1599,336,285,18
1611,344.5,286,18
1611,353,287,18
1612,363,288,18
1611,372,289,18
1613,374,290,18
1615.5,373,291,18
1632,367,292,18
1636.5,358.5,293,18
1647,350.5,294,18
1659,351,295,18
1668,360,296,18
1671,366,297,18
1677,369.5,298,18
1686,370.5,299,18
1692,366,300,18
1037.5,182,0,19
1046,182,1,19
1032,198,6,19
1036,199,7,19
1042,200.5,8,19
1034.5,213,11,19
1042.5,213.5,12,19
1050,217,13,19
1041.5,227.5,16,19
1042,229,17,19
1048.5,225,18,19
1053.5,229.5,19,19
1053.5,234,20,19
1058,238,21,19
1051.5,239,23,19
1062.5,235.5,24,19
1067,230.5,25,19
1071.5,229,26,19
1071,231.5,27,19
1072.5,235.5,28,19
1076,231.5,30,19
1081,231,31,19
1086,226.5,32,19
1092,231,33,19
1089.5,235.5,34,19
1091,236.5,35,19
1095.5,238,37,19
1101.5,234,38,19
1103.5,239.5,39,19
1098.5,240,40,19
1099.5,245.5,41,19
1108.5,242,42,19
1116,238,43,19
1115,248,44,19
1108.5,246.5,45,19
1110,250,46,19
1119,242,47,19
1132,252,51,19
1138.5,258,52,19
1145,254,53,19
1135.5,262,54,19
1142.5,267.5,55,19
1143,266,56,19
1143,263,57,19
1150.5,267,58,19
1142.5,268.5,59,19
1134.5,269,60,19
1129,270.5,61,19
1140,275,62,19
1144,273.5,63,19
1149,273,64,19
1148.5,276.5,65,19
1143,275,66,19
1143.5,277.5,67,19
1145,279,68,19
1153.5,281.5,69,19
1150.5,283,70,19
1148.5,282.5,71,19
1146,287,72,19
1149,294,73,19
1156.5,290.5,74,19
1165.5,293.5,75,19
1161,294,76,19
1154,300.5,77,19
1158.5,300.5,78,19
1162,303,79,19
1172,303,80,19
1178.5,301.5,81,19
1177.5,305.5,82,19
1174.5,308,83,19
1177,302.5,84,19
1187,303,85,19
1193.5,304.5,86,19
1197,305,87,19
1200,301.5,88,19
1196.5,298,89,19
1193.5,288.5,90,19
1192.5,288.5,91,19
1199.5,291.5,92,19
1201.5,295,93,19
1203.5,297.5,94,19
1210.5,295,95,19
1208,291.5,96,19
1208,289,97,19
1215,292,98,19
1215.5,297,99,19
1218,301.5,100,19
1221,300.5,101,19
1225,298,102,19
1229,298,103,19
1235,301.5,104,19
1234,305.5,105,19
1237,307.5,106,19
1242.5,305,107,19
1251,303,108,19
1255.5,302.5,109,19
1259,307.5,110,19
1259.5,312,111,19
1265,317.5,112,19
1274,311.5,113,19
1280,307.5,114,19
1285,311.5,115,19
1287,312,116,19
1285,316.5,117,19
1287,319.5,118,19
1294.5,317,119,19
1308,315.5,120,19
1308,317,121,19
1309,321,122,19
1311,324,123,19
1317.5,320.5,124,19
1325,316,125,19
1327,316.5,126,19
1326.5,322.5,127,19
1326.5,326,128,19
1332,331,129,19
1336.5,336.5,130,19
1354.5,337,131,19
1360,335,132,19
1361,334,133,19
1363.5,336.5,134,19
1367,339,135,19
1376,334.5,136,19
1382.5,335,137,19
1386,336.5,138,19
1387,340,139,19
1390,346,140,19
1397,345.5,141,19
1403.5,338,142,19
1413,345.5,143,19
1412,347.5,144,19
1417,350,145,19
1418.5,351,146,19
1425,350.5,149,19
1431,351,150,19
1436,357,151,19
1436,359.5,152,19
1439.5,362,153,19
1447.5,367.5,154,19
1451,365,155,19
1455,361.5,156,19
1459.5,367.5,157,19
1456,366,158,19
1452,372,159,19
1458,373.5,160,19
1461.5,375,161,19
1464,374,162,19
1465,375.5,163,19
1461,375.5,164,19
1458,376.5,165,19
1459.5,379.5,166,19
1462,382,167,19
1464.5,379.5,168,19
1472.5,382.5,169,19
1473.5,387,170,19
1468.5,389,171,19
1467,391.5,172,19
1475.5,396,173,19
1480.5,396,174,19
1483.5,395.5,175,19
1486,399,176,19
1483,403,177,19
1484.5,407.5,178,19
1494,404,179,19
1499.5,404.5,180,19
1500.5,406,181,19
1499,411.5,182,19
1498.5,413,183,19
1505,413.5,184,19
1509.5,412,185,19
1512,419.5,186,19
1511,421.5,187,19
1515,414.5,188,19
1521,413,189,19
1523,416,190,19
1525.5,417.5,191,19
1535.5,421,192,19
1536.5,413,193,19
1535,415.5,194,19
1532.5,418.5,195,19
1534,425,196,19
1541.5,424,197,19
1545,423,198,19
1551,422,199,19
1554,419,200,19
1556,425,201,19
1558,428,202,19
1560,426,203,19
1569,421,204,19
1575,419,205,19
1575,423.5,206,19
1572,429,207,19
1573.5,434,208,19
1582,430,209,19
1578,427.5,210,19
1578,428,211,19
1582.5,421.5,213,19
1592,420,214,19
1594.5,421,215,19
1593,426,216,19
1602,427.5,217,19
1594.5,418,219,19
1592,417.5,220,19
1594,420,221,19
1600,421,222,19
1611,421.5,223,19
1609.5,427.5,224,19
1610,430,225,19
1610,428,226,19
1615.5,425,227,19
1621,426,228,19
1624,434,229,19
1626,441,230,19
1627.5,437,231,19
1647,444.5,235,19
400,396.5,4,20
402,399,5,20
401.5,396.5,6,20
399,395,11,20
398,394,12,20
398,392.5,14,20
396.5,391.5,16,20
400,391,17,20
396,393,20,20
399,394.5,21,20
400.5,386.5,23,20
401,388.5,26,20
401.5,387.5,27,20
406,388.5,30,20
399,388,32,20
396,392,36,20
397,394,37,20
406.5,388.5,39,20
403,388.5,45,20
410,388,46,20
410,389.5,47,20
397,387,48,20
406,387,50,20
403,390,51,20
403,391.5,52,20
402.5,391.5,53,20
397,384.5,56,20
407,386.5,57,20
407,388,58,20
409,389.5,59,20
406.5,391.5,60,20
408,390.5,61,20
408.5,388.5,62,20
406,385.5,66,20
405,386,67,20
409.5,388.5,71,20
410,391.5,72,20
408,393,73,20
407.5,393,74,20
409,391,75,20
410,389.5,76,20
412,389.5,77,20
409.5,390,80,20
409,390.5,81,20
407.5,389.5,82,20
401.5,385.5,83,20
398.5,384,91,20
398.5,384,92,20
399,384,93,20
399,383.5,94,20
396.5,382.5,95,20
399,384,96,20
398.5,383.5,97,20
397,382.5,98,20
397,382.5,99,20
396.5,382.5,100,20
395,382,101,20
395.5,383,102,20
395,382,103,20
395,382,104,20
396,382.5,105,20
394.5,382,106,20
394.5,381.5,107,20
395.5,382.5,108,20
398,381,133,20
401,381,134,20
400.5,380.5,135,20
400.5,380,136,20
400.5,380.5,138,20
401,379.5,139,20
404,379.5,140,20
401,377.5,141,20
401,377.5,142,20
400,374,143,20
402,377.5,144,20
404,379.5,145,20
403,379,147,20
401.5,378,148,20
403.5,377,149,20
404,379,150,20
401,380,151,20
400.5,378,152,20
402,375.5,153,20
400.5,376,154,20
403.5,377.5,155,20
400.5,379.5,156,20
399.5,378,157,20
397,376,159,20
398,375.5,160,20
397.5,376,161,20
397,377,162,20
394,374.5,163,20
396,372,164,20
401,376,165,20
399,375.5,166,20
397.5,374.5,167,20
397,374.5,168,20
396.5,374.5,169,20
396,374,170,20
395.5,374,171,20
397,374.5,172,20
396,375,173,20
396,373,174,20
396.5,373.5,175,20
396,374.5,176,20
396.5,372,177,20
397,372,178,20
397.5,372,179,20
393,370,180,20
393.5,371,181,20
394,371.5,182,20
395.5,370.5,183,20
395,371,184,20
393,371,185,20
394,371.5,186,20
394.5,371,187,20
394.5,373,188,20
395,372,189,20
393.5,371.5,190,20
394,371.5,191,20
393.5,371,192,20
394.5,370.5,193,20
394.5,371,194,20
394,369,195,20
394,369,196,20
396,369,197,20
395,367.5,198,20
393,367,199,20
393,366,200,20
392,365.5,201,20
393,366.5,202,20
393.5,368,203,20
397.5,367.5,204,20
398,366,205,20
397.5,366,206,20
397,366.5,207,20
397,366,208,20
396,366,209,20
395.5,366.5,210,20
395,366.5,211,20
395.5,367.5,212,20
396,367.5,213,20
396,368.5,214,20
394,367,215,20
394,366,216,20
397,367,217,20
398,366.5,218,20
397,366,219,20
399,367,220,20
399.5,366,221,20
399,365.5,222,20
399.5,366.5,223,20
399,366.5,224,20
399.5,367,225,20
398,366,227,20
395,365,228,20
397.5,366,229,20
397,367,230,20
396,366,233,20
396.5,367.5,234,20
396.5,366.5,235,20
398.5,367.5,236,20
399.5,366.5,237,20
399,365.5,238,20
398.5,366,239,20
396.5,367,240,20
393,363.5,241,20
392.5,363.5,242,20
392,362,243,20
392.5,363,244,20
392.5,362.5,245,20
394,363,246,20
393.5,362.5,247,20
392.5,362,248,20
391.5,359.5,249,20
390,359.5,250,20
390.5,360,251,20
398,367,273,20
395.5,365,274,20
394,365,275,20
393.5,365.5,276,20
398.5,368.5,277,20
395,367.5,278,20
396.5,367.5,279,20
393.5,366,280,20
405,365,282,20
404.5,362,283,20
408.5,363.5,284,20
406.5,361,285,20
408,360,286,20
400.5,360.5,287,20
398.5,363.5,288,20
398,362.5,289,20
395.5,361,290,20
395,360,291,20
397,359,292,20
394.5,358,293,20
392.5,357.5,294,20
392,357.5,295,20
388,357,296,20
387.5,357.5,297,20
389,356,298,20
386.5,355.5,299,20
1884,640,48,21
1884,639,49,21
1884,639,50,21
1884,639,51,21
1884,639,52,21
1884,639,53,21
1884,639,54,21
1884,638.5,55,21
1884,638.5,56,21
1884,638.5,57,21
1884,639,58,21
1884,639,59,21
1882,640,60,21
1884,641,61,21
1882,640,62,21
1882,640.5,63,21
1882,639.5,64,21
1882,640,65,21
1884,639,66,21
1884,638.5,67,21
1884,639,68,21
1884,638.5,69,21
1884,639,70,21
1884,637.5,71,21
1882.5,639,72,21
1885.5,636,73,21
1884,637,74,21
1884,637.5,75,21
1885.5,637,76,21
1885.5,636,77,21
1886,635.5,78,21
1884,635.5,79,21
1884,637,80,21
1885.5,634.5,81,21
1882.5,639,84,21
1881,636,101,21
1906,779.5,107,21
1901,781,108,21
1897,777,109,21
1900,779.5,110,21
1897,784.5,111,21
1893,785,112,21
1893,792,113,21
1888.5,795.5,114,21
1881,802.5,115,21
1824,815.5,123,21
1821,820,124,21
1817,820,125,21
1807.5,833.5,128,21
1805,839,129,21
1784,859,133,21
1769,875,137,21
1761,879,138,21
1761,882,140,21
1749,886,141,21
1743,885.5,142,21
1741.5,886,143,21
1740,885,144,21
1741.5,892,145,21
1752,893,148,21
1758,929.5,151,21
1758,928.5,152,21
1740,928.5,153,21
1732.5,921,154,21
1722,918,155,21
1716,919,156,21
1714.5,919.5,157,21
1708.5,919.5,158,21
1692,930,159,21
1687.5,937.5,160,21
1684.5,952,164,21
1686,953,165,21
1674,966,171,21
1671,975.5,172,21
1652,987.5,175,21
1602,997,182,21
1599,1018.5,184,21
1587,1028.5,187,21
1577,1026.5,188,21
1573.5,1029.5,189,21
1568.5,1028,190,21
1565.5,1020,191,21
1568,1015,192,21
1558.5,1016.5,193,21
1542,1029,194,21
1532,1026,195,21
1532,1024.5,196,21
1532.5,1053.5,199,21
1523,1056,200,21
1555,1062,212,21
1531,1036.5,216,21
1535,1035.5,217,21
1509,1014,221,21
1502,997.5,223,21
1492.5,988,225,21
1492.5,984,226,21
1488,980,227,21
1496,973.5,228,21
1501,965.5,230,21
1476.5,945,235,21
1470,943.5,237,21
1460.5,936.5,238,21
1443.5,931,244,21
1435,930.5,246,21
1429.5,924,247,21
1424,916.5,248,21
1402,908,253,21
1394.5,897.5,254,21
1390.5,894,255,21
1392,895,256,21
1389.5,896.5,257,21
1381.5,892,258,21
1378.5,890,259,21
1376,887,260,21
1371,884,261,21
1356.5,873.5,263,21
1346.5,861,264,21
1343.5,853.5,265,21
1341,852,266,21
1345,852,267,21
1342,850,268,21
1341.5,853.5,269,21
1358,833,278,21
1350,820,280,21
1347,811,281,21
1343.5,804.5,288,21
1344,800,289,21
1345,773,294,21
1348.5,780.5,295,21
1344.5,788,296,21
1341.5,794.5,297,21
1335,798,298,21
1343.5,794.5,299,21
1351,790,300,21
581.5,365,58,22
583.5,365,59,22
650.5,481.5,127,22
650,478.5,128,22
638.5,466.5,134,22
630,472,138,22
630,460,141,22
632,463,142,22
624,458.5,143,22
621.5,462.5,144,22
619.5,456,145,22
615,454.5,146,22
610.5,451.5,147,22
612,451,148,22
611,452,149,22
610.5,450,150,22
598,448.5,155,22
602.5,447,156,22
591.5,446,157,22
586.5,452,158,22
580.5,467.5,162,22
578,464,163,22
584,444,169,22
579,429,182,22
575,424.5,183,22
573.5,426.5,184,22
575,426.5,185,22
575,426.5,186,22
574.5,425,189,22
572,426.5,191,22
569,424.5,192,22
552.5,420,205,22
541.5,418,210,22
541,417.5,211,22
540,417.5,212,22
540.5,417,213,22
538,417,214,22
537.5,412.5,215,22
535,412.5,216,22
534,410,217,22
532.5,410,218,22
529,414,219,22
525,404,220,22
523,401.5,221,22
520,401,222,22
518,402,223,22
516.5,401,224,22
515.5,401.5,225,22
514,400.5,226,22
513,402,227,22
510,399.5,228,22
508,402.5,229,22
507.5,397.5,230,22
507,396,231,22
506,396.5,232,22
505.5,398,233,22
503.5,396,234,22
502,394.5,235,22
500.5,395,236,22
498.5,399.5,237,22
496,399,238,22
493.5,396,239,22
491,403,240,22
490,401,241,22
490,396.5,242,22
483,393.5,245,22
480,391,246,22
478.5,391.5,247,22
474.5,393.5,248,22
475,392,249,22
475.5,387.5,250,22
473,389.5,251,22
468.5,390.5,252,22
464.5,391,253,22
460,399,254,22
457.5,399,255,22
454.5,392,258,22
453.5,390,259,22
452.5,387.5,260,22
449.5,387,261,22
450.5,383,262,22
451,385.5,263,22
449,383.5,264,22
444,383,266,22
442,382,267,22
432,378.5,276,22
431,376.5,277,22
430.5,376,278,22
1863,1175.5,67,23
1864.5,1174.5,68,23
1861.5,1177,69,23
1789,1177,80,23
1661,1180,104,23
1656,1178,105,23
1636.5,1174,109,23
1623,1175.5,111,23
1614,1173.5,112,23
1610,1170.5,113,23
1600.5,1172,114,23
1594.5,1175,115,23
1593,1174.5,116,23
1581,1172,117,23
1584,1168.5,118,23
1581,1166,119,23
1578,1162,120,23
1568.5,1159,121,23
1554,1158.5,122,23
1550.5,1154.5,123,23
1551,1151.5,124,23
1543.5,1156,125,23
1543.5,1159,126,23
1542,1164,127,23
1532,1166.5,128,23
1523.5,1167,129,23
1513,1162,130,23
1509.5,1160,131,23
1509,1165,132,23
1510,1166,133,23
1508.5,1168,134,23
1497.5,1170,135,23
1480.5,1169.5,136,23
1476.5,1168,137,23
1470,1169,138,23
1472,1168,139,23
1474.5,1164,140,23
1472,1161,141,23
1462,1161,142,23
1441,1161,143,23
1432,1165.5,144,23
1426,1167,145,23
1424,1160,146,23
1426.5,1152.5,147,23
1423,1144.5,148,23
1407.5,1140.5,149,23
1399,1142,150,23
1392,1147,151,23
1377.5,1146.5,152,23
1369,1145,153,23
1369,1146.5,154,23
1368.5,1151.5,155,23
1366.5,1152,156,23
1357.5,1156.5,157,23
1339,1158,158,23
1331.5,1148,159,23
1329,1145.5,160,23
1328,1148.5,161,23
1329,1155.5,162,23
1329,1161,163,23
1323,1166.5,164,23
1307.5,1167,165,23
1301.5,1162.5,166,23
1295.5,1161,167,23
1291,1162,168,23
1291,1162.5,169,23
1295.5,1163.5,170,23
1292,1162,171,23
1282.5,1163.5,172,23
1261,1166,173,23
1254.5,1168,176,23
1251.5,1158,177,23
1248,1152,178,23
1228.5,1150,179,23
1225,1159.5,180,23
1219.5,1162,181,23
1214,1156.5,182,23
1216.5,1151.5,183,23
1212,1145,184,23
1190,1144,185,23
1186.5,1143,186,23
1183,1140.5,187,23
1177.5,1140,188,23
1177,1144,189,23
1171.5,1143.5,190,23
1161,1143.5,191,23
1155.5,1138.5,192,23
1151.5,1136.5,193,23
1145.5,1137.5,194,23
1142,1143.5,195,23
1142.5,1143,196,23
1125,1144,197,23
1120,1140,198,23
1114,1137.5,199,23
1111,1136.5,200,23
1114.5,1138.5,201,23
1114.5,1140,202,23
1089,1139.5,204,23
1088.5,1140,205,23
1088.5,1145.5,206,23
1075,1143,207,23
1076.5,1138,208,23
1074.5,1134,209,23
1038,1135,213,23
1040,1129.5,214,23
1038,1122,215,23
1027,1122.5,216,23
1011,1121.5,217,23
994,1113.5,220,23
994,1113,221,23
994.5,1119.5,222,23
982,1122,223,23
974.5,1118.5,224,23
974,1115.5,225,23
972,1120,226,23
953,1125,227,23
945,1116,228,23
943.5,1111.5,229,23
928,1090,232,23
899.5,1084.5,239,23
889,1086,240,23
879,1082.5,241,23
882.5,1083,242,23
882.5,1086.5,243,23
877,1088,244,23
860,1085.5,245,23
861,1078.5,246,23
859.5,1077,247,23
852,1081,248,23
847.5,1081.5,249,23
833,1077,250,23
831,1075,251,23
826,1077,252,23
823,1077.5,253,23
817.5,1075.5,254,23
808.5,1074,255,23
798,1072.5,256,23
792,1078.5,257,23
788,1080,258,23
787.5,1077.5,259,23
782,1076,260,23
770.5,1072,261,23
763.5,1072,262,23
758.5,1074,263,23
751,1074.5,264,23
753,1076.5,265,23
749.5,1071,266,23
752,1063.5,267,23
752,1060,268,23
740,1053,269,23
723,1052.5,270,23
719.5,1054.5,271,23
714,1051,272,23
711.5,1051.5,273,23
704.5,1053,274,23
700,1057.5,275,23
689.5,1058.5,276,23
680,1054.5,277,23
679,1052.5,278,23
672,1053,279,23
660,1057,280,23
655,1064,281,23
647.5,1066.5,282,23
631,1064,283,23
635.5,1056,284,23
626.5,1054.5,285,23
623.5,1056,286,23
621.5,1054.5,287,23
618,1048.5,288,23
614.5,1044.5,289,23
596,1043,290,23
586.5,1048.5,291,23
583.5,1050,292,23
580.5,1045,293,23
580,1043,294,23
581.5,1038,295,23
577.5,1032,296,23
568.5,1029.5,297,23
557,1029,298,23
548.5,1030,299,23
539,1027,300,23
1490.5,1166.5,73,24
1487.5,1166.5,74,24
1487.5,1165.5,75,24
1486,1162,76,24
1483.5,1157.5,77,24
1482.5,1156,78,24
1481,1151,79,24
1479.5,1149,80,24
1475,1144,81,24
1473.5,1138.5,82,24
1473,1134,83,24
1472,1131,84,24
1468,1126,85,24
1467,1123.5,86,24
1465.5,1124,87,24
1465.5,1121.5,88,24
1464,1111,89,24
1461,1107,90,24
1460.5,1104,91,24
1461.5,1092,92,24
1459.5,1091,93,24
1459.5,1085,94,24
1460.5,1075.5,95,24
1457,1067,96,24
1456.5,1065.5,97,24
1455.5,1061.5,98,24
1456,1053,99,24
1455,1048,100,24
1454,1045.5,101,24
1452,1042.5,102,24
1453.5,1037.5,103,24
1450.5,1028.5,104,24
1449,1028,105,24
1449,1014.5,106,24
1447.5,1011,107,24
1447.5,1007,108,24
1449.5,999,109,24
1449,997,110,24
1450,991.5,111,24
1447.5,982,112,24
1447.5,980,113,24
1449,968.5,114,24
1448,962,115,24
1446,959.5,116,24
1449,953,117,24
1449.5,948,118,24
1450.5,946.5,119,24
1452,943,120,24
1450.5,935,121,24
1449.5,933.5,122,24
1449.5,929,123,24
1453,922.5,124,24
1454,921.5,125,24
1455.5,920.5,126,24
1458,916,127,24
1459.5,914,128,24
1462,916,129,24
1468.5,911.5,130,24
1467,906,131,24
1468.5,901.5,132,24
1475.5,894,133,24
1474.5,887.5,134,24
1473,885,135,24
1474.5,884.5,136,24
1481.5,884.5,137,24
1489.5,882,138,24
1490,881,139,24
1491.5,875,140,24
1493.5,871,141,24
1497.5,862.5,142,24
1500.5,857.5,143,24
1497,858,144,24
1500,857,145,24
1505,850.5,146,24
1507.5,849,147,24
1509,845.5,148,24
1511,841,149,24
1515.5,837,150,24
1517,826.5,151,24
1518,822,152,24
1523,822,153,24
1521.5,813,154,24
1521,811,155,24
1524,811,156,24
1531.5,809.5,157,24
1535,799,158,24
1532.5,794,159,24
1535,792,160,24
1541,788,161,24
1547.5,785,162,24
1549.5,783,163,24
1552.5,784.5,164,24
1563.5,776,165,24
1566,771.5,166,24
1566,774,167,24
1572,774,168,24
1587,772.5,169,24
1588,771,170,24
1593,768.5,171,24
1603.5,763.5,172,24
1604,763,173,24
1612.5,761.5,174,24
1615.5,761,175,24
1623,761,176,24
1627,763,177,24
1635,764,178,24
1645.5,763.5,179,24
1655,760.5,180,24
1659,759,181,24
1662,761,182,24
1673,763,183,24
1673,762,184,24
1674,761,185,24
1680,757.5,186,24
1683,758,187,24
1680,760,188,24
1683,756.5,189,24
1689,752.5,190,24
1693.5,750,191,24
1690.5,749.5,192,24
1697,747,193,24
1698,746.5,194,24
1699.5,742.5,195,24
1705,739.5,196,24
1710,738.5,197,24
1710,740.5,198,24
1713,737,199,24
1723.5,730.5,200,24
1728,728,201,24
1733,734.5,202,24
1738,733.5,203,24
1744,729.5,204,24
1748,731,205,24
1753,728.5,206,24
1758,725.5,207,24
1759,727.5,208,24
1768.5,730,209,24
1779,733.5,210,24
1785,731,211,24
1783,731.5,212,24
1794,730,213,24
1801,725.5,214,24
1804,727,215,24
1814,728,216,24
1816.5,726,217,24
1818,727,218,24
1828.5,727,219,24
1830,727.5,220,24
1835,727,221,24
1841,726.5,222,24
1851,726.5,223,24
1855.5,726.5,224,24
1854,725.5,225,24
1858.5,724.5,226,24
1864.5,724.5,227,24
1863,721.5,228,24
1869,722,229,24
1871,721.5,230,24
1872,720.5,231,24
1876,721,232,24
1879.5,720.5,233,24
1881,721.5,234,24
1882,721,235,24
1882.5,720.5,236,24
1884,543,237,24
1884,542.5,238,24
1882,542,239,24
1884,541.5,240,24
1881,541,241,24
1878,540.5,242,24
1876,540,243,24
1876,538,244,24
1872,540,245,24
1869,538.5,246,24
1869,537.5,247,24
1866,537,251,24
1862,535,256,24
1858.5,534.5,257,24
1858.5,534.5,258,24
1858.5,535,259,24
1854,531,262,24
1854,532,263,24
1854,532,264,24
1854,531,265,24
1839,532,270,24
1839,528.5,273,24
1840.5,528.5,274,24
727,510.5,87,25
679,487.5,113,25
673.5,484.5,114,25
674,487.5,115,25
848,457,123,25
806.5,412,128,25
783,426,131,25
820.5,446,135,25
819.5,447,136,25
812.5,439.5,141,25
810,439,142,25
806.5,439.5,143,25
807,441,144,25
759,414.5,174,25
757,416.5,175,25
755.5,416,176,25
745,401.5,185,25
738.5,401.5,188,25
738.5,400.5,189,25
726,394.5,195,25
726,395,196,25
724,395.5,197,25
725.5,393,198,25
723.5,392,199,25
720.5,391.5,200,25
718.5,393,201,25
716.5,392.5,202,25
715,391,203,25
714.5,390,204,25
713,390.5,205,25
645.5,355,245,25
644,355,246,25
645,350.5,248,25
642,349,250,25
340,1171.5,113,26
343.5,1169,114,26
341.5,1168.5,115,26
340.5,1171.5,116,26
339.5,1170,117,26
334,1171,118,26
332.5,1166,119,26
332.5,1161,120,26
339,1156.5,121,26
342,1157,122,26
344.5,1157,123,26
340.5,1154.5,124,26
335.5,1149,125,26
331,1151.5,126,26
325.5,1153.5,127,26
320.5,1156.5,128,26
316,1160,129,26
310.5,1163.5,130,26
308.5,1166,131,26
307.5,1166,132,26
304.5,1166,133,26
303,1166,134,26
302,1165.5,135,26
291.5,1164,136,26
271.5,1155.5,137,26
251.5,1138.5,138,26
238.5,1123,139,26
236.5,1128.5,140,26
231.5,1129,141,26
220,1122,142,26
219,1122,143,26
226.5,1114,144,26
229.5,1111.5,145,26
242,1108.5,146,26
244.5,1108.5,147,26
244.5,1110,148,26
248.5,1114,149,26
254,1118,150,26
257.5,1123,151,26
260.5,1127,152,26
258,1130,153,26
253.5,1134,154,26
251.5,1139.5,155,26
248.5,1144.5,156,26
250,1150.5,157,26
251,1156.5,158,26
248.5,1163,159,26
256.5,1172.5,160,26
261,1174,161,26
228,1135,254,26
288,1083.5,260,26
282.5,1081.5,261,26
284,1081.5,262,26
276.5,1080,263,26
275.5,1075.5,264,26
276,1079.5,265,26
277,1078.5,266,26
271,1073,269,26
267,1072,271,26
268.5,1072.5,272,26
262.5,1069.5,274,26
264,1073.5,275,26
262.5,1074,276,26
262,1072,277,26
261,1072,278,26
255.5,1075,280,26
256.5,1074,281,26
256.5,1071,282,26
255,1071,283,26
253.5,1071.5,284,26
242.5,1069,288,26
236.5,1068,289,26
233,1068.5,290,26
232.5,1068.5,291,26
232,1069,292,26
233,1068,293,26
233.5,1068.5,294,26
235.5,1068.5,295,26
233.5,1068,296,26
228.5,1065,297,26
223,1062.5,300,26
1860,102.5,118,27
1821,82.5,146,27
1821,81.5,147,27
1818,80.5,148,27
1810.5,79.5,149,27
1806,77.5,150,27
1801.5,76.5,151,27
1795.5,72.5,152,27
1789.5,70.5,153,27
1785,70.5,154,27
1785,69,155,27
1785,69.5,156,27
1788,66,157,27
1788,66.5,158,27
1788,68.5,159,27
1785,68,160,27
1779,60.5,161,27
1773,62,162,27
1767,59.5,163,27
1761,58,164,27
1756.5,57,165,27
1755,60,166,27
1753,59,167,27
1753.5,57,168,27
1756.5,56,169,27
1756.5,52,170,27
1759.5,50,171,27
1761,52,172,27
1763,52,173,27
1761,53.5,174,27
1757,45,175,27
1752,42,176,27
1746,50.5,177,27
1738.5,49,178,27
1735.5,45.5,179,27
1734,45,180,27
1736,43,181,27
1735.5,44.5,182,27
1737,41.5,183,27
1738.5,40,184,27
1738.5,39,185,27
1737,37.5,186,27
1729.5,37,187,27
1728,33.5,188,27
1724,30,189,27
1719,31,190,27
1714,30,191,27
1713,32,192,27
1707,29,193,27
1707,29.5,194,27
1710,30.5,195,27
1711.5,29.5,196,27
1713,25.5,197,27
1714.5,25.5,198,27
1714,27.5,199,27
1713,27.5,200,27
1713,27,201,27
1713,29.5,202,27
1698,25,206,27
1696.5,25,207,27
1696,28,208,27
1696,24.5,209,27
1886,631.5,135,28
1908,801.5,145,28
1908,801,146,28
1908,798.5,150,28
1906,800,151,28
1906,800,152,28
1906,800,153,28
1906,798,154,28
1906,799,155,28
1908,800,156,28
1882.5,634.5,157,28
1908,799,158,28
1906,799,159,28
1906.5,799.5,160,28
1906.5,799.5,161,28
1905,799,162,28
1903,799.5,163,28
1905,801,164,28
1905,802.5,165,28
1905,801,166,28
1905,802.5,167,28
1905,801,168,28
1905,801.5,169,28
1905,800,170,28
1905,801.5,171,28
1905,803.5,172,28
1906.5,805,173,28
1906.5,805,174,28
1906.5,804,175,28
1906.5,805,176,28
1903.5,803.5,177,28
1905,805.5,178,28
1903,804.5,179,28
1903,805,180,28
1902,804,181,28
1901,804.5,182,28
1901,804.5,183,28
1901,805,184,28
1901,806,185,28
1901,807,186,28
1902,806,187,28
1901,806,188,28
1900.5,806,189,28
1900.5,807,190,28
1900.5,807,191,28
1900,807.5,192,28
1900,807,193,28
1900,805.5,194,28
1900,805.5,195,28
1899,805,196,28
1897.5,800.5,197,28
1897.5,800,198,28
1896,799.5,199,28
1895,801.5,200,28
1896,801.5,201,28
1896,801.5,202,28
1896,799.5,203,28
1896,799.5,204,28
1895,799.5,205,28
1895,798.5,206,28
1894.5,798,207,28
1895,799.5,208,28
1895,800,209,28
1895,800,210,28
1894.5,800,211,28
1895,798,212,28
1894.5,796.5,213,28
1894,794,214,28
1893,794,215,28
1893,797,216,28
1892,795,217,28
1892,797,218,28
1891.5,797,219,28
1891,796,220,28
1890,797.5,221,28
1891,798,222,28
1891,795.5,223,28
1890,795,224,28
1889,791,225,28
1891,794,226,28
1889,795,227,28
1889,792,228,28
1889,793.5,229,28
1890,792,230,28
1889,793,231,28
1888,790,232,28
1888.5,789,233,28
1888,791.5,234,28
1888,791,235,28
1888,790,236,28
1888,790.5,237,28
1888,789,238,28
1888,789.5,239,28
1887,788.5,240,28
1888.5,789,241,28
1887,787,242,28
1885.5,786,243,28
1885.5,786.5,244,28
1884,783,245,28
1884,783,246,28
1883,782.5,247,28
1883,783.5,248,28
1881,786,249,28
1881,788,250,28
1881,787.5,251,28
1879,787,252,28
1879,786,253,28
1879,782.5,254,28
1876.5,780,255,28
1877,781,256,28
1878,780,257,28
1877,779.5,258,28
1878,780.5,259,28
1878,777.5,260,28
1877,778.5,261,28
1878,778.5,262,28
1876.5,778.5,263,28
1878,779,264,28
1878,777.5,265,28
1878,783,266,28
1878,779,267,28
1876.5,780,268,28
1878,778.5,269,28
1876.5,777,270,28
1876.5,776.5,271,28
1875,777,272,28
1875,775,273,28
1873.5,774,274,28
1873.5,774.5,275,28
1873.5,775.5,276,28
1873.5,776.5,277,28
1872,776.5,278,28
1873.5,775.5,279,28
1870.5,774,280,28
1869,769.5,281,28
1867.5,766.5,282,28
1867.5,766.5,283,28
1867.5,765,284,28
1864,765.5,285,28
1864.5,765,286,28
1864.5,765,287,28
1867.5,769,288,28
1866,769.5,289,28
1866,769,290,28
1867.5,773.5,291,28
1866,786,292,28
1867.5,779,293,28
1866,775,294,28
1869,777.5,295,28
1868,778.5,296,28
1866,779.5,297,28
1864,778.5,298,28
1864.5,777,299,28
1864,773.5,300,28
887.5,1176,143,29
891,1174,144,29
895,1174.5,145,29
895.5,1175,146,29
895.5,1174,147,29
895.5,1171,148,29
892.5,1171,149,29
898.5,1172.5,150,29
904.5,1171.5,151,29
905,1171,152,29
899.5,1169,153,29
897,1168.5,154,29
897,1168.5,155,29
903,1168,156,29
906,1166.5,157,29
903,1166.5,158,29
901.5,1166,159,29
909.5,1165,160,29
917.5,1166,161,29
917.5,1166,162,29
915.5,1165.5,163,29
912,1162.5,164,29
906,1160.5,165,29
903,1158.5,166,29
907.5,1158,167,29
909.5,1156.5,168,29
908,1158,169,29
909,1159,170,29
915.5,1157,171,29
917.5,1158,172,29
915,1156,173,29
916,1153.5,174,29
916.5,1152,175,29
915.5,1153,176,29
921,1151,177,29
920,1151,178,29
920,1150,179,29
918,1150.5,180,29
916,1151,181,29
917,1149,182,29
925.5,1147,183,29
928.5,1143,184,29
930.5,1142.5,185,29
931,1140,186,29
936,1134,187,29
939,1131,188,29
935,1130,189,29
932.5,1133,190,29
930.5,1133.5,191,29
937.5,1125,192,29
939,1121,193,29
939,1121,194,29
936,1121,195,29
932,1122,196,29
934,1120.5,197,29
938.5,1111.5,198,29
938.5,1112,199,29
933.5,1113.5,200,29
930.5,1114,201,29
935.5,1112.5,202,29
942,1105,203,29
944,1105,204,29
939.5,1106,205,29
939,1107,206,29
946.5,1099,207,29
947.5,1097,208,29
952,1093.5,209,29
949.5,1089.5,210,29
945,1093,211,29
943,1091,212,29
944,1090.5,213,29
944,1088,214,29
945.5,1087,215,29
945.5,1085,216,29
942,1085,217,29
938.5,1086,218,29
936,1086.5,219,29
933,1086.5,220,29
933,1088,221,29
936.5,1085.5,222,29
935,1087.5,223,29
932.5,1086,224,29
933.5,1084,225,29
938.5,1079,226,29
936,1079,227,29
937.5,1081.5,228,29
935,1084,229,29
934.5,1084,230,29
932.5,1078,231,29
933,1067.5,232,29
928,1062,233,29
923,1061,234,29
922.5,1059,235,29
926,1060.5,236,29
929,1060,237,29
924.5,1055,238,29
921,1055.5,239,29
920.5,1054.5,240,29
926.5,1052,241,29
925,1044.5,242,29
922,1043.5,243,29
917,1043.5,244,29
923,1044,245,29
927,1045.5,246,29
928,1042.5,247,29
922.5,1040.5,248,29
917,1039.5,249,29
919.5,1041.5,250,29
929,1043,251,29
927,1042.5,252,29
927.5,1036.5,253,29
917,1034.5,254,29
918,1034.5,255,29
929,1030,256,29
934.5,1027,257,29
928,1028,258,29
925,1027.5,259,29
930,1025,260,29
941,1017,261,29
943.5,1015,262,29
943,1013,263,29
938,1014,264,29
938,1014,265,29
946.5,1005.5,266,29
947,1002.5,267,29
949.5,999,268,29
949.5,999,269,29
951.5,999,270,29
951,999,271,29
956.5,992.5,272,29
961.5,986.5,273,29
964,984.5,274,29
963,986.5,275,29
960.5,987,276,29
960.5,985.5,277,29
963,982,278,29
964.5,981.5,279,29
963,981.5,280,29
964.5,982.5,281,29
969,979,282,29
973.5,978,283,29
976.5,975,284,29
977,970.5,285,29
977.5,969.5,286,29
977,970,287,29
984.5,972,288,29
989.5,969.5,289,29
985.5,970.5,290,29
981,968,291,29
980.5,969,292,29
986,968.5,293,29
995.5,963,294,29
989.5,962.5,295,29
988.5,959.5,296,29
985.5,958,297,29
984.5,958.5,298,29
989,959.5,299,29
990,957.5,300,29
1768.5,1176,144,30
1653,1172,189,30
1643,1168.5,190,30
1635,1162,191,30
1627.5,1161,192,30
1627.5,1161,193,30
1627,1156.5,194,30
1626,1144,195,30
1617,1142.5,196,30
1605,1141,197,30
1610,1135,199,30
1605,1120,201,30
1596,1110,202,30
1594,1107,203,30
1581,1092.5,204,30
1576,1087.5,205,30
1884,633,164,31
1881,632.5,165,31
1882.5,631.5,166,31
1882.5,631.5,167,31
1884,631.5,168,31
1882,633.5,169,31
1882,633,170,31
1882.5,633.5,171,31
1882,631.5,172,31
1882.5,631.5,174,31
1882.5,632.5,175,31
1882.5,631.5,177,31
1881,634,178,31
1881,633.5,179,31
1881,632.5,180,31
1881,632.5,181,31
1881,632,182,31
1879.5,633,183,31
1881,632.5,184,31
1878,633.5,185,31
1879.5,632.5,186,31
1879.5,632.5,187,31
1881,631.5,188,31
1878,633,189,31
1881,631.5,190,31
1881,631,191,31
1881,630,192,31
1878,633,193,31
1881,630,194,31
1881,630,195,31
1882,630.5,196,31
1881,631.5,197,31
1881,632.5,198,31
1881,633,199,31
1881,632.5,200,31
1881,632.5,201,31
1881,633,202,31
1881,633,203,31
1908,560,205,31
1908,561,207,31
1906.5,562,208,31
1905,561.5,209,31
1904,557,212,31
1902,552.5,213,31
1902,552.5,214,31
1903.5,553,215,31
1900.5,554,216,31
1900,553.5,217,31
1898,552.5,218,31
1897.5,551,219,31
1897,553,220,31
1896,551.5,221,31
1895,551,222,31
1894,550.5,223,31
1893,551,224,31
1891.5,551,225,31
1890,550,226,31
1890,549,227,31
1890,547.5,228,31
1891,547.5,230,31
1888.5,544.5,231,31
1887,548.5,232,31
1886,545,233,31
1884,545,234,31
1884,545,235,31
1882,544.5,236,31
1906,498,237,31
1905,498.5,238,31
1903.5,499.5,240,31
1902,500,241,31
1903.5,501.5,242,31
1903,501.5,243,31
1902,503.5,244,31
1902,501,245,31
1902,500,246,31
1903,499.5,247,31
1903,499.5,248,31
1902,500,249,31
1901,499.5,250,31
1901,500.5,251,31
1898,503,252,31
1897.5,503,253,31
1897.5,504.5,254,31
1898,505,255,31
1898,503,256,31
1897,503,257,31
1896,503,258,31
1895,503.5,259,31
1894.5,503,260,31
1894,499.5,261,31
1894,500.5,262,31
1894,502.5,263,31
1894,503.5,264,31
1892,500.5,265,31
1889,499,266,31
1890,498,267,31
1888.5,497.5,268,31
1889,497.5,269,31
1889,498,270,31
1888.5,497.5,271,31
1889,496,272,31
1889,496.5,273,31
1889,496.5,274,31
1889,497,275,31
1888.5,495.5,276,31
1887,494.5,277,31
1885,493.5,278,31
1883,493.5,279,31
1884,495,280,31
1883,493,281,31
1883,492.5,282,31
1882.5,493,283,31
1883,493,284,31
1881,492,285,31
1879.5,491.5,286,31
1879.5,492,287,31
1871,489.5,288,31
1871,489,289,31
1872,487,290,31
1869,486.5,291,31
1869,486.5,292,31
1867,486.5,293,31
1867,487,294,31
1866,486,295,31
1866,486,296,31
1865,485.5,297,31
1863,485.5,298,31
1861,485,299,31
1860,484.5,300,31
290.5,550.5,220,32
327,555.5,235,32
323.5,560.5,237,32
384,565,255,32
376,572.5,256,32
472.5,622,286,32
480,631.5,287,32
473,640,290,32
481,633,291,32
486,640.5,292,32
482.5,645.5,293,32
485,651,294,32
492.5,644,295,32
499.5,651,296,32
497,652.5,297,32
501,658,298,32
1878,746.5,228,33
1884,761,229,33
1883,718.5,237,33
1884,719,238,33
1884,718,239,33
1885.5,717,240,33
1891,717,241,33
1891,715.5,242,33
1896,714.5,243,33
1900.5,714.5,244,33
1902,714.5,245,33
1900.5,715.5,246,33
1872,636,251,33
1876,636,253,33
1872,634,256,33
1874,634,261,33
1873.5,635,262,33
1874,637,263,33
1872,634.5,264,33
1870,635.5,265,33
1872,636.5,266,33
1870,634,267,33
1869,634,268,33
1870.5,634,269,33
1870,633,270,33
1872,633.5,271,33
1872,633,272,33
1872,633.5,273,33
1872,633.5,274,33
1872,633.5,275,33
1874,633,276,33
1874,632,277,33
1874,633.5,278,33
1874,633.5,283,33
1873.5,633,285,33
1873.5,634,286,33
1872,632.5,287,33
1870.5,634.5,294,33
1871,635.5,296,33
1360,1146.5,233,34
1358.5,1141,234,34
1355,1140,235,34
1336,1147,236,34
1329.5,1155,237,34
1322.5,1157.5,240,34
1317.5,1162,241,34
1317.5,1166.5,242,34
1324,1166,243,34
1327,1169,244,34
1329.5,1170.5,245,34
1333.5,1171.5,246,34
1336,1169,247,34
1344,1165.5,248,34
1347,1162.5,249,34
1348,1161,250,34
1349.5,1161,251,34
1353,1165,252,34
1361.5,1169.5,253,34
1365,1176,254,34
1359,1176,258,34
1321.5,510,237,35
1908,328,247,36
1908,333.5,248,36
1906,334.5,249,36
1905,335,250,36
1903.5,335,251,36
1905,339,252,36
1905,340,253,36
1905,341.5,254,36
1903,348,255,36
1902,348,256,36
1903.5,354,257,36
1903.5,353,258,36
1903.5,353,259,36
1902,353,260,36
1900.5,350.5,261,36
1900.5,347.5,262,36
1900.5,345.5,263,36
1900.5,346.5,264,36
1899,345,265,36
1898,345,266,36
1898,346,267,36
1897,343,268,36
1896,343.5,269,36
1896,342.5,270,36
1896,342.5,271,36
1893,340.5,272,36
1892,340,273,36
1892,340.5,274,36
1891.5,340,275,36
1891,340.5,276,36
1890,339,277,36
1888.5,339,278,36
1888,339,279,36
1887,338,280,36
1887,337.5,281,36
1885,336,282,36
1883,335,283,36
1881,335,284,36
1881,334.5,285,36
1878,332.5,286,36
1878,332,287,36
1876.5,332.5,288,36
1875,330,289,36
1875,330,290,36
1873.5,330,291,36
1872,329.5,292,36
1870.5,328.5,293,36
1869,328,294,36
1867.5,326,295,36
1867.5,327,296,36
1865,326,297,36
1863,325.5,298,36
1863,325,299,36
1862,327,300,36
1906,1092,252,37
1900.5,1093.5,253,37
1895,1100,254,37
1893,1092.5,255,37
1893,1091.5,256,37
1893,1091,257,37
1892,1087,258,37
1894.5,1083,259,37
1894,1081.5,260,37
1892,1084,261,37
1889,1087,262,37
1885,1088,263,37
1883,1084.5,264,37
1881,1080,265,37
1876.5,1077,266,37
1865,1063.5,267,37
1856,1062,268,37
1839,1066,269,37
1824,1065.5,270,37
1822.5,1067.5,271,37
1827,1067.5,272,37
1820,1060.5,273,37
1809,1055,274,37
1800,1055.5,275,37
1786,1049.5,276,37
1779,1046,277,37
1771.5,1049.5,278,37
1761,1053,279,37
1756.5,1054.5,280,37
1749,1047,281,37
1743,1040.5,282,37
1743,1040,283,37
1737,1039.5,284,37
1728,1042.5,285,37
1715,1043.5,286,37
1707,1039.5,287,37
1700,1034,288,37
1683,1029,289,37
1680,1027.5,290,37
1680,1018.5,291,37
1678,1005.5,292,37
1668,997,293,37
1654.5,997,294,37
1647,1006.5,295,37
1635,1018.5,296,37
1618.5,1024.5,297,37
1614,1023.5,298,37
1612.5,1019.5,299,37
1599,1017,300,37
1292,1182.5,254,38
1276.5,1180,261,38
1275,1179.5,263,38
1272,1179,264,38
1269,1179.5,265,38
1271,1179.5,266,38
1272,1178.5,267,38
1277,1177,270,38
1273.5,1177.5,271,38
1270.5,1178,272,38
1265,1179,273,38
1259.5,1181,274,38
1258.5,1180,276,38
1255,1179.5,278,38
1254,1179,279,38
1252,1178,280,38
1250.5,1177,281,38
1249,1176.5,282,38
1246.5,1175.5,283,38
1245,1175.5,284,38
1248,1176.5,285,38
1247,1177,286,38
1245,1177,287,38
1243.5,1176.5,288,38
1242.5,1176,289,38
1243.5,1176,290,38
1243.5,1176,291,38
1245.5,1176,292,38
1249,1177.5,293,38
1251,1176,294,38
1247,1172.5,295,38
1246,1173,296,38
1243.5,1173,297,38
1240,1171.5,298,38
1238.5,1171,299,38
1237.5,1172,300,38
1057.5,1176,296,39
1064,1175.5,298,39
1908,1089,297,40
